{
  "H2": 1.0,
  "H": 1.0,
  "O": 1.0,
  "O2": 1.0,
  "OH": 1.0,
  "H2O": 1.0,
  "HO2": 1.0,
  "H2O2": 1.0,
  "C": 0.02950819676375206,
  "CH": 0.07868855748470051,
  "CH2": 0.12493430153958274,
  "CH2(S)": 0.08575574896037991,
  "CH3": 0.1508196721311475,
  "CH4": 1.0,
  "CO": 1.0,
  "CO2": 1.0,
  "HCO": 0.0898528446124656,
  "CH2O": 0.10632737689922385,
  "CH2OH": 0.055804020615771534,
  "CH3O": 0.06347979706626154,
  "CH3OH": 0.04300280898829479,
  "C2H": 0.03606561630763435,
  "C2H2": 0.07541809919598169,
  "C2H3": 0.06239436221731061,
  "C2H4": 0.06751829586978561,
  "C2H5": 0.06078341941486454,
  "C2H6": 1.0,
  "HCCO": 0.04918165934567975,
  "CH2CO": 0.06566553353800172,
  "HCCOH": 0.013114755244057162,
  "N": 0.062295082004633705,
  "NH": 0.07213114758507251,
  "NH2": 0.04262295086296627,
  "NH3": 0.01311475414164019,
  "NNH": 0.029508197737287304,
  "NO": 0.1049180328275539,
  "NO2": 0.029508196761529687,
  "N2O": 0.03278695643487942,
  "HNO": 0.049180327918022126,
  "CN": 0.04262295086297624,
  "HCN": 0.07868852463000645,
  "H2CN": 0.022950819715734098,
  "HCNN": 0.032786885294983276,
  "HCNO": 0.032786885289197126,
  "HOCN": 0.013114754141660115,
  "HNCO": 0.055737704961315755,
  "NCO": 0.05901639348592598,
  "N2": 1.0,
  "AR": 0.013114754141657702,
  "C3H7": 0.04590209011919249,
  "C3H8": 0.03608584965437513,
  "CH2CHO": 0.062318037036827444,
  "CH3CHO": 0.03606737319556657
}